Epoch,UnsupervisedLoss
1,0.16259199380874634
2,0.10890120267868042
3,0.09744757413864136
4,0.07518279552459717
5,0.059893250465393066
6,0.05132025480270386
7,0.04986947774887085
8,0.04983872175216675
9,0.04618275165557861
10,0.038691699504852295
11,0.02971041202545166
12,0.023122966289520264
13,0.018542230129241943
14,0.011206507682800293
15,0.0016592741012573242
16,-0.007587850093841553
17,-0.017707228660583496
18,-0.028492271900177002
19,-0.036398231983184814
20,-0.047497689723968506
21,-0.06286293268203735
22,-0.0750042200088501
23,-0.08564168214797974
24,-0.09543246030807495
25,-0.09681278467178345
26,-0.10090136528015137
27,-0.11356455087661743
28,-0.12415158748626709
29,-0.13043993711471558
30,-0.13574379682540894
31,-0.14090216159820557
32,-0.14652001857757568
33,-0.15293937921524048
34,-0.15910440683364868
35,-0.16341310739517212
36,-0.16636550426483154
37,-0.1698867678642273
38,-0.17363744974136353
39,-0.17628061771392822
40,-0.17794829607009888
41,-0.17948830127716064
42,-0.18111038208007812
43,-0.18262028694152832
44,-0.18402862548828125
45,-0.18542474508285522
46,-0.18668657541275024
47,-0.18772578239440918
48,-0.18876588344573975
49,-0.19008660316467285
50,-0.19163888692855835
51,-0.1931186318397522
52,-0.1943204402923584
53,-0.195354163646698
54,-0.19644159078598022
55,-0.19765979051589966
56,-0.19894033670425415
57,-0.2001979947090149
58,-0.201368510723114
59,-0.20240509510040283
60,-0.2033267617225647
61,-0.20421266555786133
62,-0.2051103711128235
63,-0.20596861839294434
64,-0.20672839879989624
65,-0.20740866661071777
66,-0.20807945728302002
67,-0.20877599716186523
68,-0.20948052406311035
69,-0.21015429496765137
70,-0.21077781915664673
71,-0.21135306358337402
72,-0.2119055986404419
73,-0.21246439218521118
74,-0.21303892135620117
75,-0.2136128544807434
76,-0.21416646242141724
77,-0.21470582485198975
78,-0.21524888277053833
79,-0.2157992720603943
80,-0.21634989976882935
81,-0.21689057350158691
82,-0.21742397546768188
83,-0.2179545760154724
84,-0.21848267316818237
85,-0.21900224685668945
86,-0.2195127010345459
87,-0.22001469135284424
88,-0.22051137685775757
89,-0.22100818157196045
90,-0.22150349617004395
91,-0.22199463844299316
92,-0.22248196601867676
93,-0.22297072410583496
94,-0.22346514463424683
95,-0.22396469116210938
96,-0.22446686029434204
97,-0.22497177124023438
98,-0.22548305988311768
99,-0.2260015606880188
100,-0.22652435302734375
101,-0.22705084085464478
102,-0.22757810354232788
103,-0.22810614109039307
104,-0.22863274812698364
105,-0.22915589809417725
106,-0.22967463731765747
107,-0.23018878698349
108,-0.2306971549987793
109,-0.23120135068893433
110,-0.23169612884521484
111,-0.2321840524673462
112,-0.23266524076461792
113,-0.23314309120178223
114,-0.23362278938293457
115,-0.23410743474960327
116,-0.2346099615097046
117,-0.2351512312889099
118,-0.23576951026916504
119,-0.2365400791168213
120,-0.2376200556755066
121,-0.23939961194992065
122,-0.24293482303619385
123,-0.24923014640808105
124,-0.2365207076072693
125,-0.2533191442489624
126,-0.24544674158096313
127,-0.24359077215194702
128,-0.24689984321594238
129,-0.2516278028488159
130,-0.25692301988601685
131,-0.2593616843223572
132,-0.2592313885688782
133,-0.2671566605567932
134,-0.265541672706604
135,-0.26638251543045044
136,-0.2731853127479553
137,-0.2756722569465637
138,-0.27572596073150635
139,-0.2798808813095093
140,-0.28119784593582153
141,-0.2819545865058899
142,-0.2851096987724304
143,-0.2881275415420532
144,-0.2883060574531555
145,-0.2894055247306824
146,-0.29153841733932495
147,-0.29251956939697266
148,-0.29378384351730347
149,-0.2957257628440857
150,-0.29692381620407104
151,-0.2973257899284363
152,-0.29829102754592896
153,-0.29974037408828735
154,-0.3007621169090271
155,-0.3015109896659851
156,-0.3025973439216614
157,-0.30376744270324707
158,-0.3045266270637512
159,-0.3051871061325073
160,-0.30610036849975586
161,-0.3069441318511963
162,-0.3075575828552246
163,-0.3082308769226074
164,-0.3090490698814392
165,-0.3097304105758667
166,-0.31020069122314453
167,-0.3107159733772278
168,-0.31135720014572144
169,-0.3119436502456665
170,-0.31241530179977417
171,-0.31288015842437744
172,-0.3133949637413025
173,-0.3138996362686157
174,-0.31433355808258057
175,-0.31472277641296387
176,-0.3151313066482544
177,-0.31556636095046997
178,-0.3159787058830261
179,-0.3163512349128723
180,-0.31671857833862305
181,-0.3170925974845886
182,-0.31744933128356934
183,-0.31778383255004883
184,-0.3181152939796448
185,-0.3184455633163452
186,-0.3187671899795532
187,-0.31908220052719116
188,-0.319391667842865
189,-0.31968867778778076
190,-0.3199736475944519
191,-0.32025301456451416
192,-0.3205299377441406
193,-0.3208019733428955
194,-0.3210671544075012
195,-0.3213236927986145
196,-0.3215758204460144
197,-0.3218259811401367
198,-0.3220711946487427
199,-0.3223069906234741
200,-0.3225378394126892
201,-0.3227691650390625
202,-0.3229975700378418
203,-0.32322007417678833
204,-0.32343804836273193
205,-0.3236546516418457
206,-0.32386845350265503
207,-0.32407599687576294
208,-0.3242793679237366
209,-0.324479877948761
210,-0.32467877864837646
211,-0.3248744606971741
212,-0.3250654935836792
213,-0.32525360584259033
214,-0.32544052600860596
215,-0.32562440633773804
216,-0.32580482959747314
217,-0.32598304748535156
218,-0.3261599540710449
219,-0.3263345956802368
220,-0.32650578022003174
221,-0.32667529582977295
222,-0.32684338092803955
223,-0.3270091414451599
224,-0.3271717429161072
225,-0.3273332715034485
226,-0.3274940848350525
227,-0.3276514410972595
228,-0.32780832052230835
229,-0.3279632329940796
230,-0.32811683416366577
231,-0.328268826007843
232,-0.3284202218055725
233,-0.3285699486732483
234,-0.32871872186660767
235,-0.328866183757782
236,-0.3290122151374817
237,-0.329156756401062
238,-0.32930105924606323
239,-0.3294435739517212
240,-0.3295859098434448
241,-0.3297272324562073
242,-0.32986652851104736
243,-0.3300057649612427
244,-0.3301437497138977
245,-0.33028215169906616
246,-0.3304191827774048
247,-0.33055752515792847
248,-0.33069437742233276
249,-0.3308318853378296
250,-0.33096843957901
251,-0.3311043381690979
252,-0.3312387466430664
253,-0.33137089014053345
254,-0.3315017819404602
255,-0.33163052797317505
256,-0.3317584991455078
257,-0.33188778162002563
258,-0.3320152759552002
259,-0.33214396238327026
260,-0.33227187395095825
261,-0.33239978551864624
262,-0.3325278162956238
263,-0.33265572786331177
264,-0.332782506942749
265,-0.3329095244407654
266,-0.3330361843109131
267,-0.33316129446029663
268,-0.33328646421432495
269,-0.3334112763404846
270,-0.33353543281555176
271,-0.33366113901138306
272,-0.33378714323043823
273,-0.33391237258911133
274,-0.3340388536453247
275,-0.3341643214225769
276,-0.3342916965484619
277,-0.3344181776046753
278,-0.33454400300979614
279,-0.3346706032752991
280,-0.3347964882850647
281,-0.33492374420166016
282,-0.3350521922111511
283,-0.3351805806159973
284,-0.3353106379508972
285,-0.3354405164718628
286,-0.33557265996932983
287,-0.3357062339782715
288,-0.3358408212661743
289,-0.3359755277633667
290,-0.336112380027771
291,-0.336251437664032
292,-0.33639049530029297
293,-0.3365326523780823
294,-0.33667731285095215
295,-0.3368244171142578
296,-0.3369753360748291
297,-0.33712857961654663
298,-0.33728379011154175
299,-0.3374401926994324
300,-0.3375994563102722
301,-0.337762713432312
302,-0.337929368019104
303,-0.3381004333496094
304,-0.33827269077301025
305,-0.3384471535682678
306,-0.3386245369911194
307,-0.3388046622276306
308,-0.33898860216140747
309,-0.3391757011413574
310,-0.33936578035354614
311,-0.33955836296081543
312,-0.3397533893585205
313,-0.3399500250816345
314,-0.34014976024627686
315,-0.34035223722457886
316,-0.34055590629577637
317,-0.34076017141342163
318,-0.3409661054611206
319,-0.34117233753204346
320,-0.3413795232772827
321,-0.3415871262550354
322,-0.3417949676513672
323,-0.34200263023376465
324,-0.34221047163009644
325,-0.3424164056777954
326,-0.34262311458587646
327,-0.34283000230789185
328,-0.34303492307662964
329,-0.3432406187057495
330,-0.3434451222419739
331,-0.3436482548713684
332,-0.34384894371032715
333,-0.34404879808425903
334,-0.3442465662956238
335,-0.3444405794143677
336,-0.3446338176727295
337,-0.34482431411743164
338,-0.34501373767852783
339,-0.345200777053833
340,-0.34538620710372925
341,-0.3455687165260315
342,-0.3457489013671875
343,-0.34592437744140625
344,-0.3460988998413086
345,-0.3462710976600647
346,-0.34644120931625366
347,-0.3466075658798218
348,-0.3467714190483093
349,-0.34693455696105957
350,-0.34709590673446655
351,-0.3472559452056885
352,-0.34741276502609253
353,-0.34756916761398315
354,-0.3477243185043335
355,-0.3478766679763794
356,-0.3480282425880432
357,-0.3481783866882324
358,-0.3483266830444336
359,-0.3484734296798706
360,-0.3486199378967285
361,-0.34876418113708496
362,-0.34890639781951904
363,-0.3490489721298218
364,-0.34919023513793945
365,-0.3493320941925049
366,-0.34947270154953003
367,-0.34961259365081787
368,-0.3497517704963684
369,-0.3498916029930115
370,-0.3500294089317322
371,-0.35016703605651855
372,-0.35030311346054077
373,-0.3504372835159302
374,-0.3505702614784241
375,-0.35070258378982544
376,-0.3508336544036865
377,-0.3509649634361267
378,-0.3510948419570923
379,-0.3512241840362549
380,-0.3513520359992981
381,-0.35147935152053833
382,-0.3516060709953308
383,-0.351732075214386
384,-0.3518581986427307
385,-0.3519827723503113
386,-0.3521069288253784
387,-0.35222917795181274
388,-0.35235100984573364
389,-0.35247212648391724
390,-0.3525928854942322
391,-0.3527126908302307
392,-0.3528311252593994
393,-0.3529490828514099
394,-0.35306644439697266
395,-0.3531830310821533
396,-0.35329824686050415
397,-0.35341203212738037
398,-0.35352545976638794
399,-0.3536399006843567
400,-0.35375159978866577
401,-0.35386377573013306
402,-0.35397517681121826
403,-0.3540864586830139
404,-0.35419756174087524
405,-0.354308545589447
406,-0.35441797971725464
407,-0.3545270562171936
408,-0.35463613271713257
409,-0.35474342107772827
410,-0.3548504114151001
411,-0.35495734214782715
412,-0.35506391525268555
413,-0.3551703095436096
414,-0.3552762269973755
415,-0.3553817868232727
416,-0.3554854989051819
417,-0.3555911183357239
418,-0.3556956648826599
419,-0.3558000922203064
420,-0.35590440034866333
421,-0.35600656270980835
422,-0.35610729455947876
423,-0.35620826482772827
424,-0.3563075065612793
425,-0.35640519857406616
426,-0.35650259256362915
427,-0.35659974813461304
428,-0.35669535398483276
429,-0.3567899465560913
430,-0.35688501596450806
431,-0.3569796085357666
432,-0.35707229375839233
433,-0.35716432332992554
434,-0.3572566509246826
435,-0.35734719038009644
436,-0.35743850469589233
437,-0.35752880573272705
438,-0.35761845111846924
439,-0.3577076196670532
440,-0.3577966094017029
441,-0.35788440704345703
442,-0.35797327756881714
443,-0.358060359954834
444,-0.3581472635269165
445,-0.35823386907577515
446,-0.3583199381828308
447,-0.35840630531311035
448,-0.3584910035133362
449,-0.35857677459716797
450,-0.3586602807044983
451,-0.3587430715560913
452,-0.35882580280303955
453,-0.358908474445343
454,-0.3589911460876465
455,-0.35907286405563354
456,-0.35915493965148926
457,-0.3592364192008972
458,-0.35931819677352905
459,-0.359399676322937
460,-0.3594808578491211
461,-0.3595607280731201
462,-0.3596409559249878
463,-0.35972118377685547
464,-0.35980045795440674
465,-0.35988038778305054
466,-0.359960675239563
467,-0.3600398898124695
468,-0.3601193428039551
469,-0.3601993918418884
470,-0.36027783155441284
471,-0.36035680770874023
472,-0.3604358434677124
473,-0.36051493883132935
474,-0.36059337854385376
475,-0.3606724143028259
476,-0.3607514500617981
477,-0.3608297109603882
478,-0.3609086275100708
479,-0.36098712682724
480,-0.36106520891189575
481,-0.36114341020584106
482,-0.3612217307090759
483,-0.3612995147705078
484,-0.36137592792510986
485,-0.36145347356796265
486,-0.361530065536499
487,-0.3616071939468384
488,-0.36168503761291504
489,-0.36176151037216187
490,-0.36183643341064453
491,-0.36191266775131226
492,-0.3619879484176636
493,-0.3620632290840149
494,-0.36213916540145874
495,-0.36221379041671753
496,-0.3622881770133972
497,-0.36236268281936646
498,-0.3624374270439148
499,-0.36251115798950195
500,-0.3625859022140503
501,-0.36266034841537476
502,-0.36273425817489624
503,-0.3628081679344177
504,-0.36288100481033325
505,-0.36295485496520996
506,-0.3630284070968628
507,-0.3631021976470947
508,-0.3631746768951416
509,-0.3632478713989258
510,-0.3633204698562622
511,-0.36339348554611206
512,-0.36346668004989624
513,-0.3635408878326416
514,-0.363616406917572
515,-0.3636959195137024
516,-0.36377888917922974
517,-0.3638695478439331
518,-0.363980233669281
519,-0.3641391396522522
520,-0.3644322156906128
521,-0.3651496171951294
522,-0.36731165647506714
523,-0.3738434910774231
524,-0.39028728008270264
525,-0.4115668535232544
526,-0.3862975835800171
527,-0.40542227029800415
528,-0.39285093545913696
529,-0.3920975923538208
530,-0.39327120780944824
531,-0.4022558927536011
532,-0.4164341390132904
533,-0.4195694923400879
534,-0.41125762462615967
535,-0.41871973872184753
536,-0.42086654901504517
537,-0.42309844493865967
538,-0.4232437014579773
539,-0.42120200395584106
540,-0.4237588942050934
541,-0.4281187951564789
542,-0.4304405450820923
543,-0.4301539361476898
544,-0.4287421405315399
545,-0.43024981021881104
546,-0.4329307973384857
547,-0.4332013428211212
548,-0.43270424008369446
549,-0.4334806799888611
550,-0.4351434111595154
551,-0.43621546030044556
552,-0.43637633323669434
553,-0.43651047348976135
554,-0.43707749247550964
555,-0.438020259141922
556,-0.4390229880809784
557,-0.4395850896835327
558,-0.4397324025630951
559,-0.44000816345214844
560,-0.44075456261634827
561,-0.44158726930618286
562,-0.44204026460647583
563,-0.4423995912075043
564,-0.4430324137210846
565,-0.44369855523109436
566,-0.4441200792789459
567,-0.44436490535736084
568,-0.44469544291496277
569,-0.44525212049484253
570,-0.4458526074886322
571,-0.4462701380252838
572,-0.4465668499469757
573,-0.4469562768936157
574,-0.44746914505958557
575,-0.44791379570961
576,-0.4482034146785736
577,-0.4485287368297577
578,-0.4490019977092743
579,-0.4494560658931732
580,-0.4497806131839752
581,-0.45008352398872375
582,-0.4504629075527191
583,-0.45085880160331726
584,-0.4511885941028595
585,-0.45148053765296936
586,-0.45179954171180725
587,-0.45212650299072266
588,-0.45241883397102356
589,-0.4526899755001068
590,-0.45297232270240784
591,-0.4532622992992401
592,-0.45353013277053833
593,-0.45376721024513245
594,-0.4539993703365326
595,-0.4542350172996521
596,-0.45446479320526123
597,-0.45468151569366455
598,-0.4548940658569336
599,-0.4551054835319519
600,-0.4553118646144867
601,-0.4555041790008545
602,-0.45568615198135376
603,-0.4558663070201874
604,-0.45604416728019714
605,-0.4562170207500458
606,-0.4563837945461273
607,-0.45654821395874023
608,-0.45670759677886963
609,-0.4568583369255066
610,-0.4570067226886749
611,-0.45715662837028503
612,-0.4573040306568146
613,-0.4574454128742218
614,-0.4575812816619873
615,-0.4577195942401886
616,-0.4578554630279541
617,-0.4579867422580719
618,-0.45811396837234497
619,-0.45824134349823
620,-0.4583682715892792
621,-0.45849111676216125
622,-0.4586121141910553
623,-0.4587326645851135
624,-0.4588510990142822
625,-0.45896679162979126
626,-0.45908093452453613
627,-0.4591917395591736
628,-0.45930221676826477
629,-0.45941051840782166
630,-0.45951688289642334
631,-0.45962151885032654
632,-0.45972397923469543
633,-0.4598263204097748
634,-0.45992687344551086
635,-0.46002498269081116
636,-0.4601229727268219
637,-0.4602178931236267
638,-0.4603121280670166
639,-0.46040409803390503
640,-0.46049556136131287
641,-0.4605867862701416
642,-0.4606752097606659
643,-0.4607643783092499
644,-0.460851788520813
645,-0.4609384536743164
646,-0.46102339029312134
647,-0.46110883355140686
648,-0.4611935019493103
649,-0.46127593517303467
650,-0.46135976910591125
651,-0.46144166588783264
652,-0.46152177453041077
653,-0.46160250902175903
654,-0.46168121695518494
655,-0.46175873279571533
656,-0.4618350863456726
657,-0.461911141872406
658,-0.46198415756225586
659,-0.46205759048461914
660,-0.46213170886039734
661,-0.4622021019458771
662,-0.46227210760116577
663,-0.462342232465744
664,-0.46241217851638794
665,-0.4624820649623871
666,-0.46255195140838623
667,-0.462617963552475
668,-0.4626843333244324
669,-0.4627515375614166
670,-0.46281901001930237
671,-0.46288296580314636
672,-0.4629470109939575
673,-0.4630106985569
674,-0.46307456493377686
675,-0.46313706040382385
676,-0.463198721408844
677,-0.46326085925102234
678,-0.46332117915153503
679,-0.4633820652961731
680,-0.4634421169757843
681,-0.4635024070739746
682,-0.4635618031024933
683,-0.4636203944683075
684,-0.46367958188056946
685,-0.4637392461299896
686,-0.46379703283309937
687,-0.4638555347919464
688,-0.46391361951828003
689,-0.46397003531455994
690,-0.4640274941921234
691,-0.464083731174469
692,-0.46414026618003845
693,-0.464196115732193
694,-0.4642515182495117
695,-0.46430703997612
696,-0.46436336636543274
697,-0.4644189476966858
698,-0.4644726812839508
699,-0.4645286798477173
700,-0.46458372473716736
701,-0.4646381735801697
702,-0.46469274163246155
703,-0.46474769711494446
704,-0.46480217576026917
705,-0.4648556709289551
706,-0.4649099111557007
707,-0.4649631977081299
708,-0.4650167226791382
709,-0.46506986021995544
710,-0.4651234745979309
711,-0.4651755094528198
712,-0.4652274549007416
713,-0.46528005599975586
714,-0.46533164381980896
715,-0.4653837978839874
716,-0.46543610095977783
717,-0.46548736095428467
718,-0.465538889169693
719,-0.46559038758277893
720,-0.46564069390296936
721,-0.4656927287578583
722,-0.4657447934150696
723,-0.46579551696777344
724,-0.4658464789390564
725,-0.4658990204334259
726,-0.46595072746276855
727,-0.4660012722015381
728,-0.4660530686378479
729,-0.4661065638065338
730,-0.46615806221961975
731,-0.46620965003967285
732,-0.4662614166736603
733,-0.4663139879703522
734,-0.4663675129413605
735,-0.46642136573791504
736,-0.4664737284183502
737,-0.46652600169181824
738,-0.46657800674438477
739,-0.4666311740875244
740,-0.4666849374771118
741,-0.46673867106437683
742,-0.46679139137268066
743,-0.4668464660644531
744,-0.466901034116745
745,-0.46695515513420105
746,-0.4670095443725586
747,-0.4670645594596863
748,-0.4671197831630707
749,-0.46717455983161926
750,-0.46723079681396484
751,-0.46728548407554626
752,-0.46734127402305603
753,-0.46739619970321655
754,-0.46745195984840393
755,-0.4675069749355316
756,-0.467562735080719
757,-0.46761754155158997
758,-0.46767258644104004
759,-0.46772831678390503
760,-0.46778440475463867
761,-0.4678399860858917
762,-0.4678944945335388
763,-0.46795007586479187
764,-0.46800675988197327
765,-0.46806252002716064
766,-0.46811720728874207
767,-0.4681737422943115
768,-0.4682297110557556
769,-0.4682846963405609
770,-0.4683400094509125
771,-0.46839573979377747
772,-0.4684520363807678
773,-0.46850505471229553
774,-0.46856021881103516
775,-0.4686151444911957
776,-0.4686715006828308
777,-0.4687258303165436
778,-0.468779057264328
779,-0.46883243322372437
780,-0.4688875079154968
781,-0.46893998980522156
782,-0.46899306774139404
783,-0.46904540061950684
784,-0.469097763299942
785,-0.469149649143219
786,-0.46920159459114075
787,-0.4692525565624237
788,-0.46930283308029175
789,-0.46935325860977173
790,-0.4694030284881592
791,-0.46945229172706604
792,-0.4695008397102356
793,-0.4695488214492798
794,-0.46959587931632996
795,-0.4696432054042816
796,-0.46968936920166016
797,-0.4697359800338745
798,-0.4697818458080292
799,-0.4698273837566376
800,-0.46987250447273254
801,-0.4699173867702484
802,-0.4699619710445404
803,-0.47000592947006226
804,-0.47004908323287964
805,-0.47009265422821045
806,-0.470135360956192
807,-0.4701784551143646
808,-0.4702213406562805
809,-0.47026392817497253
810,-0.47030532360076904
811,-0.4703471064567566
812,-0.4703885614871979
813,-0.47042959928512573
814,-0.4704694151878357
815,-0.4705086052417755
816,-0.47054851055145264
817,-0.47058790922164917
818,-0.4706268906593323
819,-0.4706657826900482
820,-0.4707041084766388
821,-0.47074249386787415
822,-0.47078028321266174
823,-0.47081878781318665
824,-0.470856636762619
825,-0.4708932936191559
826,-0.4709310531616211
827,-0.47096842527389526
828,-0.4710051417350769
829,-0.47104209661483765
830,-0.47107958793640137
831,-0.4711158573627472
832,-0.4711526036262512
833,-0.4711902439594269
834,-0.4712259769439697
835,-0.47126221656799316
836,-0.4712992012500763
837,-0.47133541107177734
838,-0.47137126326560974
839,-0.471407949924469
840,-0.471443772315979
841,-0.47147971391677856
842,-0.4715161919593811
843,-0.4715519845485687
844,-0.4715883433818817
845,-0.4716239869594574
846,-0.47165927290916443
847,-0.4716956913471222
848,-0.4717314541339874
849,-0.4717671871185303
850,-0.47180283069610596
851,-0.47183889150619507
852,-0.4718742370605469
853,-0.47191041707992554
854,-0.47194650769233704
855,-0.47198227047920227
856,-0.4720185101032257
857,-0.47205451130867004
858,-0.4720904231071472
859,-0.47212666273117065
860,-0.472162663936615
861,-0.4721980392932892
862,-0.4722343385219574
863,-0.47227028012275696
864,-0.47230592370033264
865,-0.4723418653011322
866,-0.4723774194717407
867,-0.4724123179912567
868,-0.4724474549293518
869,-0.4724825322628021
870,-0.4725166857242584
871,-0.4725506007671356
872,-0.472584992647171
873,-0.47261935472488403
874,-0.4726525843143463
875,-0.4726865887641907
876,-0.4727197289466858
877,-0.47275274991989136
878,-0.4727858006954193
879,-0.4728184938430786
880,-0.47285130620002747
881,-0.47288376092910767
882,-0.4729161858558655
883,-0.47294875979423523
884,-0.47298043966293335
885,-0.47301262617111206
886,-0.4730443060398102
887,-0.4730754494667053
888,-0.4731075167655945
889,-0.4731392562389374
890,-0.47317051887512207
891,-0.4732019901275635
892,-0.4732324779033661
893,-0.47326359152793884
894,-0.4732948839664459
895,-0.47332507371902466
896,-0.47335630655288696
897,-0.4733869433403015
898,-0.47341740131378174
899,-0.47344785928726196
900,-0.4734784662723541
901,-0.473508358001709
902,-0.47353824973106384
903,-0.47356855869293213
904,-0.4735986888408661
905,-0.47362831234931946
906,-0.4736577570438385
907,-0.4736865162849426
908,-0.4737153649330139
909,-0.47374480962753296
910,-0.4737737476825714
911,-0.4738025367259979
912,-0.4738314747810364
913,-0.47385990619659424
914,-0.4738888144493103
915,-0.47391775250434875
916,-0.4739457964897156
917,-0.4739738702774048
918,-0.4740018844604492
919,-0.474030464887619
920,-0.4740585386753082
921,-0.4740859866142273
922,-0.474113792181015
923,-0.47414112091064453
924,-0.47416892647743225
925,-0.4741964638233185
926,-0.47422337532043457
927,-0.4742504954338074
928,-0.4742778539657593
929,-0.47430557012557983
930,-0.4743318557739258
931,-0.4743584394454956
932,-0.4743855595588684
933,-0.47441166639328003
934,-0.474438339471817
935,-0.4744650423526764
936,-0.474491149187088
937,-0.47451719641685486
938,-0.47454339265823364
939,-0.474569171667099
940,-0.47459566593170166
941,-0.47462162375450134
942,-0.4746481478214264
943,-0.4746738076210022
944,-0.4747005105018616
945,-0.47472649812698364
946,-0.474752813577652
947,-0.47477877140045166
948,-0.4748053252696991
949,-0.4748307168483734
950,-0.47485649585723877
951,-0.4748823344707489
952,-0.47490859031677246
953,-0.47493505477905273
954,-0.4749615788459778
955,-0.4749878942966461
956,-0.4750157594680786
957,-0.47504591941833496
958,-0.4750840961933136
959,-0.47516053915023804
960,-0.4754433333873749
961,-0.4766286015510559
962,-0.4810011386871338
963,-0.49337390065193176
964,-0.517235279083252
965,-0.46599382162094116
966,-0.518929123878479
967,-0.5026630163192749
968,-0.5000373721122742
969,-0.5057457089424133
970,-0.5161386728286743
971,-0.5172039270401001
972,-0.5250376462936401
973,-0.5395268201828003
974,-0.5486036539077759
975,-0.546667754650116
976,-0.5399688482284546
977,-0.5395750999450684
978,-0.5439678430557251
979,-0.5506623983383179
980,-0.5507327318191528
981,-0.5529642105102539
982,-0.5530337691307068
983,-0.5530892610549927
984,-0.5540766716003418
985,-0.5536984205245972
986,-0.5560757517814636
987,-0.5572314262390137
988,-0.5580927133560181
989,-0.5592905282974243
990,-0.5593703985214233
991,-0.5599411725997925
992,-0.5603978633880615
993,-0.5603911876678467
994,-0.5608679056167603
995,-0.561301589012146
996,-0.5618560910224915
997,-0.5628105401992798
998,-0.5633119344711304
999,-0.5635170936584473
1000,-0.5636233687400818
1001,-0.5635638236999512
1002,-0.5639312267303467
1003,-0.5644930601119995
1004,-0.5649287700653076
1005,-0.5654127597808838
1006,-0.5656998157501221
1007,-0.5658965706825256
1008,-0.5661792755126953
1009,-0.5663785934448242
1010,-0.5666484832763672
1011,-0.5670064687728882
1012,-0.5673211812973022
1013,-0.5676734447479248
1014,-0.5679529309272766
1015,-0.5681949853897095
1016,-0.5685262680053711
1017,-0.5688478946685791
1018,-0.5691581964492798
1019,-0.5694472193717957
1020,-0.5697224736213684
1021,-0.5700348615646362
1022,-0.5703476071357727
1023,-0.5706524848937988
1024,-0.5709286332130432
1025,-0.5711804032325745
1026,-0.5714257955551147
1027,-0.57166588306427
1028,-0.5719065070152283
1029,-0.5721330046653748
1030,-0.5723605155944824
1031,-0.5725812911987305
1032,-0.5727730989456177
1033,-0.5729601383209229
1034,-0.5731430053710938
1035,-0.5733286142349243
1036,-0.5735077857971191
1037,-0.5736672282218933
1038,-0.5738264322280884
1039,-0.5739784836769104
1040,-0.5741263628005981
1041,-0.5742753744125366
1042,-0.5744208097457886
1043,-0.5745686292648315
1044,-0.5747138261795044
1045,-0.5748574137687683
1046,-0.5750001072883606
1047,-0.575134813785553
1048,-0.5752665996551514
1049,-0.5753949284553528
1050,-0.5755192637443542
1051,-0.5756434798240662
1052,-0.5757657885551453
1053,-0.5758870840072632
1054,-0.5760031938552856
1055,-0.576116681098938
1056,-0.5762282609939575
1057,-0.5763399004936218
1058,-0.5764510631561279
1059,-0.576560378074646
1060,-0.5766667127609253
1061,-0.5767698884010315
1062,-0.5768712759017944
1063,-0.5769705772399902
1064,-0.577068030834198
1065,-0.577163815498352
1066,-0.5772573947906494
1067,-0.5773477554321289
1068,-0.5774351954460144
1069,-0.5775206089019775
1070,-0.5776036381721497
1071,-0.577684760093689
1072,-0.5777639150619507
1073,-0.5778414607048035
1074,-0.5779173374176025
1075,-0.5779910087585449
1076,-0.5780631303787231
1077,-0.5781344175338745
1078,-0.5782042741775513
1079,-0.578273594379425
1080,-0.5783408880233765
1081,-0.5784074068069458
1082,-0.5784718990325928
1083,-0.5785362124443054
1084,-0.5785982608795166
1085,-0.5786600708961487
1086,-0.5787200927734375
1087,-0.5787800550460815
1088,-0.5788384079933167
1089,-0.5788960456848145
1090,-0.578952968120575
1091,-0.5790085792541504
1092,-0.5790632367134094
1093,-0.5791176557540894
1094,-0.5791712999343872
1095,-0.5792244076728821
1096,-0.5792772769927979
1097,-0.5793291330337524
1098,-0.579380989074707
1099,-0.5794322490692139
1100,-0.5794832706451416
1101,-0.5795336961746216
1102,-0.5795838832855225
1103,-0.5796334147453308
1104,-0.5796830654144287
1105,-0.5797320604324341
1106,-0.5797806978225708
1107,-0.5798287391662598
1108,-0.5798766613006592
1109,-0.5799243450164795
1110,-0.5799717307090759
1111,-0.5800188183784485
1112,-0.5800654888153076
1113,-0.5801128149032593
1114,-0.5801596641540527
1115,-0.5802055597305298
1116,-0.5802520513534546
1117,-0.5802978873252869
1118,-0.5803439021110535
1119,-0.5803895592689514
1120,-0.5804352760314941
1121,-0.5804808139801025
1122,-0.5805263519287109
1123,-0.5805721282958984
1124,-0.5806175470352173
1125,-0.5806630253791809
1126,-0.5807087421417236
1127,-0.5807539224624634
1128,-0.5807993412017822
1129,-0.5808448791503906
1130,-0.580890417098999
1131,-0.5809355974197388
1132,-0.5809813737869263
1133,-0.581026554107666
1134,-0.581072986125946
1135,-0.5811190009117126
1136,-0.5811655521392822
1137,-0.5812124013900757
1138,-0.5812593698501587
1139,-0.5813068151473999
1140,-0.5813550353050232
1141,-0.5814040899276733
1142,-0.5814538598060608
1143,-0.5815063714981079
1144,-0.5815622210502625
1145,-0.5816259980201721
1146,-0.5817056894302368
1147,-0.581829309463501
1148,-0.5820953845977783
1149,-0.5829176902770996
1150,-0.5863182544708252
1151,-0.6002587080001831
1152,-0.6395325660705566
1153,-0.6137484312057495
1154,-0.6396166086196899
1155,-0.6566672921180725
1156,-0.6494378447532654
1157,-0.6933154463768005
1158,-0.6773030757904053
1159,-0.6896498799324036
1160,-0.7066118717193604
1161,-0.7072532176971436
1162,-0.7010332345962524
1163,-0.7227469682693481
1164,-0.7272138595581055
1165,-0.7231485843658447
1166,-0.7350945472717285
1167,-0.7362125515937805
1168,-0.7390421628952026
1169,-0.7439610362052917
1170,-0.743475615978241
1171,-0.7486878633499146
1172,-0.7506935596466064
1173,-0.7528512477874756
1174,-0.754058301448822
1175,-0.7563438415527344
1176,-0.7622597217559814
1177,-0.7594692707061768
1178,-0.7625765204429626
1179,-0.7655060291290283
1180,-0.7668955326080322
1181,-0.7671012878417969
1182,-0.7684015035629272
1183,-0.7705757021903992
1184,-0.7707280516624451
1185,-0.7714011669158936
1186,-0.7728755474090576
1187,-0.7729175686836243
1188,-0.7743564248085022
1189,-0.7744932770729065
1190,-0.7752391695976257
1191,-0.7756714820861816
1192,-0.776196300983429
1193,-0.7771195769309998
1194,-0.7768858671188354
1195,-0.7775676250457764
1196,-0.7781169414520264
1197,-0.7785360813140869
1198,-0.7787051796913147
1199,-0.7789924144744873
1200,-0.7796347141265869
1201,-0.7799074053764343
1202,-0.7800271511077881
1203,-0.7804853320121765
1204,-0.7807971239089966
1205,-0.7811505794525146
1206,-0.7813056707382202
1207,-0.7816275954246521
1208,-0.7820104956626892
1209,-0.7821702361106873
1210,-0.7824903726577759
1211,-0.7827042937278748
1212,-0.7830107808113098
1213,-0.7832421660423279
1214,-0.7834630608558655
1215,-0.7837362885475159
1216,-0.7839393019676208
1217,-0.7841874957084656
1218,-0.7844177484512329
1219,-0.7846254706382751
1220,-0.7848577499389648
1221,-0.785061240196228
1222,-0.7852911949157715
1223,-0.7854936122894287
1224,-0.7856889367103577
1225,-0.7859113216400146
1226,-0.7861007452011108
1227,-0.7863073945045471
1228,-0.7864960432052612
1229,-0.7866941094398499
1230,-0.7868912816047668
1231,-0.7870728373527527
1232,-0.7872627973556519
1233,-0.7874492406845093
1234,-0.7876351475715637
1235,-0.78782057762146
1236,-0.7879979014396667
1237,-0.7881821990013123
1238,-0.7883641123771667
1239,-0.788541316986084
1240,-0.7887207269668579
1241,-0.7888956665992737
1242,-0.789075493812561
1243,-0.7892484664916992
1244,-0.789419412612915
1245,-0.7895920872688293
1246,-0.7897633910179138
1247,-0.7899322509765625
1248,-0.7901006937026978
1249,-0.7902699708938599
1250,-0.7904415726661682
1251,-0.7906093597412109
1252,-0.7907786965370178
1253,-0.7909490466117859
1254,-0.7911183834075928
1255,-0.7912861704826355
1256,-0.7914544343948364
1257,-0.7916234731674194
1258,-0.7917926907539368
1259,-0.7919592261314392
1260,-0.7921265363693237
1261,-0.7922933101654053
1262,-0.7924597859382629
1263,-0.792625367641449
1264,-0.792789876461029
1265,-0.792953610420227
1266,-0.7931166887283325
1267,-0.7932769060134888
1268,-0.7934370040893555
1269,-0.7935941815376282
1270,-0.7937495708465576
1271,-0.7939033508300781
1272,-0.7940545082092285
1273,-0.7942034006118774
1274,-0.7943506240844727
1275,-0.7944949269294739
1276,-0.7946360111236572
1277,-0.7947741150856018
1278,-0.7949094772338867
1279,-0.7950411438941956
1280,-0.7951706647872925
1281,-0.7952982187271118
1282,-0.7954235076904297
1283,-0.7955461740493774
1284,-0.7956671714782715
1285,-0.7957859039306641
1286,-0.7959026098251343
1287,-0.7960172295570374
1288,-0.7961305975914001
1289,-0.7962421774864197
1290,-0.7963522672653198
1291,-0.7964606881141663
1292,-0.7965680360794067
1293,-0.7966733574867249
1294,-0.7967776656150818
1295,-0.7968803644180298
1296,-0.7969831228256226
1297,-0.7970844507217407
1298,-0.7971850633621216
1299,-0.7972845435142517
1300,-0.797383189201355
1301,-0.7974809408187866
1302,-0.797577440738678
1303,-0.7976729869842529
1304,-0.797767698764801
1305,-0.7978612184524536
1306,-0.797954261302948
1307,-0.7980462908744812
1308,-0.7981351613998413
1309,-0.7982256412506104
1310,-0.7983165979385376
1311,-0.7984055280685425
1312,-0.7984940409660339
1313,-0.7985808849334717
1314,-0.7986675500869751
1315,-0.7987534999847412
1316,-0.7988389134407043
1317,-0.7989241480827332
1318,-0.7990089654922485
1319,-0.7990933656692505
1320,-0.7991776466369629
1321,-0.7992613315582275
1322,-0.7993441820144653
1323,-0.7994263172149658
1324,-0.7995089888572693
1325,-0.7995929718017578
1326,-0.7996752262115479
1327,-0.7997578382492065
1328,-0.7998406887054443
1329,-0.7999221086502075
1330,-0.8000038266181946
1331,-0.800085186958313
1332,-0.8001660704612732
1333,-0.8002488017082214
1334,-0.80032879114151
1335,-0.8004095554351807
1336,-0.8004915714263916
1337,-0.8005722761154175
1338,-0.8006536364555359
1339,-0.80073481798172
1340,-0.8008142113685608
1341,-0.8008944392204285
1342,-0.8009763956069946
1343,-0.8010565638542175
1344,-0.8011388182640076
1345,-0.8012191653251648
1346,-0.8012980222702026
1347,-0.8013783693313599
1348,-0.8014581799507141
1349,-0.8015373945236206
1350,-0.8016172647476196
1351,-0.801696240901947
1352,-0.8017742037773132
1353,-0.801853358745575
1354,-0.801932156085968
1355,-0.8020108342170715
1356,-0.8020897507667542
1357,-0.8021681904792786
1358,-0.8022463917732239
1359,-0.8023240566253662
1360,-0.8024030923843384
1361,-0.8024812936782837
1362,-0.8025602102279663
1363,-0.8026389479637146
1364,-0.8027166128158569
1365,-0.8027960658073425
1366,-0.8028743863105774
1367,-0.8029519319534302
1368,-0.8030311465263367
1369,-0.803108811378479
1370,-0.8031875491142273
1371,-0.8032659292221069
1372,-0.8033445477485657
1373,-0.803423285484314
1374,-0.8035025596618652
1375,-0.8035807609558105
1376,-0.8036602139472961
1377,-0.8037390112876892
1378,-0.8038166761398315
1379,-0.8038957715034485
1380,-0.8039737939834595
1381,-0.8040521144866943
1382,-0.8041302561759949
1383,-0.8042079210281372
1384,-0.8042857646942139
1385,-0.804363489151001
1386,-0.8044404983520508
1387,-0.8045175075531006
1388,-0.8045951724052429
1389,-0.8046711683273315
1390,-0.804747998714447
1391,-0.8048238158226013
1392,-0.8048990964889526
1393,-0.8049741983413696
1394,-0.8050492405891418
1395,-0.8051238656044006
1396,-0.805197536945343
1397,-0.8052708506584167
1398,-0.8053435683250427
1399,-0.8054157495498657
1400,-0.8054874539375305
1401,-0.8055580258369446
1402,-0.8056297898292542
1403,-0.8057006597518921
1404,-0.8057715892791748
1405,-0.8058425188064575
1406,-0.8059130311012268
1407,-0.8059839010238647
1408,-0.806053876876831
1409,-0.8061245083808899
1410,-0.8061941862106323
1411,-0.8062646389007568
1412,-0.806334376335144
1413,-0.8064040541648865
1414,-0.806472659111023
1415,-0.8065415024757385
1416,-0.8066096901893616
1417,-0.8066772818565369
1418,-0.8067444562911987
1419,-0.8068110346794128
1420,-0.8068785071372986
1421,-0.8069456815719604
1422,-0.8070127964019775
1423,-0.8070791959762573
1424,-0.8071459531784058
1425,-0.8072122931480408
1426,-0.8072788119316101
1427,-0.8073447346687317
1428,-0.807409942150116
1429,-0.8074754476547241
1430,-0.8075404763221741
1431,-0.8076062202453613
1432,-0.8076708316802979
1433,-0.8077353835105896
1434,-0.8078002333641052
1435,-0.807864248752594
1436,-0.8079291582107544
1437,-0.8079939484596252
1438,-0.8080583214759827
1439,-0.808122456073761
1440,-0.8081866502761841
1441,-0.8082506060600281
1442,-0.808314859867096
1443,-0.8083789944648743
1444,-0.8084416389465332
1445,-0.8085052967071533
1446,-0.8085691332817078
1447,-0.8086323142051697
1448,-0.8086962103843689
1449,-0.8087599277496338
1450,-0.8088228702545166
1451,-0.8088862299919128
1452,-0.8089495897293091
1453,-0.8090127110481262
1454,-0.8090758919715881
1455,-0.8091388940811157
1456,-0.8092024326324463
1457,-0.8092657923698425
1458,-0.809328019618988
1459,-0.8093920350074768
1460,-0.8094549179077148
1461,-0.8095190525054932
1462,-0.80958092212677
1463,-0.8096439838409424
1464,-0.8097072839736938
1465,-0.8097702264785767
1466,-0.8098335266113281
1467,-0.8098962903022766
1468,-0.8099581599235535
1469,-0.810021162033081
1470,-0.8100844621658325
1471,-0.8101463317871094
1472,-0.8102086782455444
1473,-0.8102710247039795
1474,-0.8103329539299011
1475,-0.8103953003883362
1476,-0.810457706451416
1477,-0.8105199933052063
1478,-0.8105831146240234
1479,-0.8106446862220764
1480,-0.8107068538665771
1481,-0.8107693195343018
1482,-0.8108311295509338
1483,-0.8108923435211182
1484,-0.8109554648399353
1485,-0.8110169768333435
1486,-0.8110784888267517
1487,-0.8111419677734375
1488,-0.8112058043479919
1489,-0.8112697005271912
1490,-0.811332106590271
1491,-0.8113968968391418
1492,-0.8114585280418396
1493,-0.8115212917327881
1494,-0.8115854263305664
1495,-0.8116478323936462
1496,-0.8117113709449768
1497,-0.8117747902870178
1498,-0.8118365406990051
1499,-0.8118996024131775
1500,-0.8119626641273499
1501,-0.8120248913764954
1502,-0.8120871186256409
1503,-0.812149703502655
1504,-0.8122111558914185
1505,-0.8122736215591431
1506,-0.8123353719711304
1507,-0.812398374080658
1508,-0.812460720539093
1509,-0.8125231862068176
1510,-0.8125837445259094
1511,-0.8126445412635803
1512,-0.8127059936523438
1513,-0.8127676248550415
1514,-0.8128294348716736
1515,-0.812890887260437
1516,-0.812951385974884
1517,-0.813011646270752
1518,-0.8130707740783691
1519,-0.8131296038627625
1520,-0.8131883144378662
1521,-0.81324702501297
1522,-0.8133059740066528
1523,-0.8133641481399536
1524,-0.813422441482544
1525,-0.8134816884994507
1526,-0.8135418891906738
1527,-0.813600480556488
1528,-0.8136589527130127
1529,-0.8137166500091553
1530,-0.8137761354446411
1531,-0.813835084438324
1532,-0.8138934373855591
1533,-0.8139522075653076
1534,-0.8140101432800293
1535,-0.8140683174133301
1536,-0.8141260743141174
1537,-0.8141834139823914
1538,-0.8142409324645996
1539,-0.8142973184585571
1540,-0.8143534660339355
1541,-0.8144097328186035
1542,-0.8144655823707581
1543,-0.8145226240158081
1544,-0.8145787119865417
1545,-0.8146343231201172
1546,-0.814690113067627
1547,-0.8147451877593994
1548,-0.8147994875907898
1549,-0.814853847026825
1550,-0.8149076104164124
1551,-0.8149619102478027
1552,-0.8150162696838379
1553,-0.8150697946548462
1554,-0.8151235580444336
1555,-0.8151766061782837
1556,-0.8152301907539368
1557,-0.8152837753295898
1558,-0.8153373003005981
1559,-0.8153905272483826
1560,-0.8154440522193909
1561,-0.8154966235160828
1562,-0.815549373626709
1563,-0.8156019449234009
1564,-0.8156542778015137
1565,-0.8157060742378235
1566,-0.815758228302002
1567,-0.8158100247383118
1568,-0.815861701965332
1569,-0.8159127235412598
1570,-0.8159633874893188
1571,-0.8160139918327332
1572,-0.8160648345947266
1573,-0.8161162734031677
1574,-0.8161666393280029
1575,-0.8162169456481934
1576,-0.8162665963172913
1577,-0.8163160085678101
1578,-0.8163655400276184
1579,-0.816415548324585
1580,-0.8164649605751038
1581,-0.8165132403373718
1582,-0.8165614604949951
1583,-0.8166099786758423
1584,-0.8166582584381104
1585,-0.8167053461074829
1586,-0.8167535066604614
1587,-0.8168015480041504
1588,-0.8168489933013916
1589,-0.8168960213661194
1590,-0.8169426918029785
1591,-0.8169897794723511
1592,-0.817036509513855
1593,-0.817082941532135
1594,-0.8171284198760986
1595,-0.8171741962432861
1596,-0.8172193169593811
1597,-0.8172642588615417
1598,-0.8173086047172546
1599,-0.8173530101776123
1600,-0.8173969984054565
1601,-0.8174402117729187
1602,-0.8174839019775391
1603,-0.817526638507843
1604,-0.8175695538520813
1605,-0.81761234998703
1606,-0.8176541328430176
1607,-0.8176959156990051
1608,-0.8177372813224792
1609,-0.8177786469459534
1610,-0.8178189992904663
1611,-0.8178597688674927
1612,-0.8179001212120056
1613,-0.8179394602775574
1614,-0.8179785013198853
1615,-0.8180177211761475
1616,-0.8180564641952515
1617,-0.8180947303771973
1618,-0.8181328773498535
1619,-0.8181710243225098
1620,-0.8182087540626526
1621,-0.8182460069656372
1622,-0.8182832598686218
1623,-0.8183201551437378
1624,-0.8183568120002747
1625,-0.8183931112289429
1626,-0.8184296488761902
1627,-0.8184653520584106
1628,-0.8185007572174072
1629,-0.8185364603996277
1630,-0.8185717463493347
1631,-0.8186067938804626
1632,-0.8186420798301697
1633,-0.8186760544776917
1634,-0.8187109231948853
1635,-0.8187447786331177
1636,-0.8187784552574158
1637,-0.8188121914863586
1638,-0.8188456296920776
1639,-0.818878710269928
1640,-0.818911612033844
1641,-0.8189445734024048
1642,-0.818976879119873
1643,-0.8190091252326965
1644,-0.8190413117408752
1645,-0.8190732002258301
1646,-0.8191050291061401
1647,-0.8191367387771606
1648,-0.8191680312156677
1649,-0.8191997408866882
1650,-0.8192307353019714
1651,-0.8192622661590576
1652,-0.8192930221557617
1653,-0.8193235397338867
1654,-0.8193541765213013
1655,-0.8193846344947815
1656,-0.8194147944450378
1657,-0.8194447755813599
1658,-0.8194750547409058
1659,-0.8195050954818726
1660,-0.8195343613624573
1661,-0.819563627243042
1662,-0.819593071937561
1663,-0.8196223974227905
1664,-0.8196510076522827
1665,-0.8196799159049988
1666,-0.8197083473205566
1667,-0.8197369575500488
1668,-0.8197652697563171
1669,-0.8197935223579407
1670,-0.819821834564209
1671,-0.8198502063751221
1672,-0.8198785781860352
1673,-0.8199062943458557
1674,-0.8199348449707031
1675,-0.8199633955955505
1676,-0.8199915289878845
1677,-0.8200200200080872
1678,-0.8200482130050659
1679,-0.8200764060020447
1680,-0.8201044201850891
1681,-0.8201323747634888
1682,-0.8201602101325989
1683,-0.820188045501709
1684,-0.8202155828475952
1685,-0.8202423453330994
1686,-0.820268988609314
1687,-0.8202958703041077
1688,-0.820322573184967
1689,-0.8203492164611816
1690,-0.8203760385513306
1691,-0.8204033970832825
1692,-0.8204302191734314
1693,-0.8204573392868042
1694,-0.8204833269119263
1695,-0.820509135723114
1696,-0.8205353021621704
1697,-0.8205609917640686
1698,-0.8205864429473877
1699,-0.8206125497817993
1700,-0.8206382989883423
1701,-0.8206644058227539
1702,-0.8206907510757446
1703,-0.8207166790962219
1704,-0.8207421898841858
1705,-0.8207677602767944
1706,-0.820793628692627
1707,-0.8208193778991699
1708,-0.8208450078964233
1709,-0.8208713531494141
1710,-0.8208968043327332
1711,-0.8209226727485657
1712,-0.8209488987922668
1713,-0.8209744095802307
1714,-0.8210002779960632
1715,-0.8210262060165405
1716,-0.8210517168045044
1717,-0.8210772275924683
1718,-0.8211027979850769
1719,-0.8211283087730408
1720,-0.8211533427238464
1721,-0.8211785554885864
1722,-0.8212040066719055
1723,-0.8212290406227112
1724,-0.8212542533874512
1725,-0.8212792277336121
1726,-0.8213046193122864
1727,-0.8213300108909607
1728,-0.8213551640510559
1729,-0.8213812112808228
1730,-0.8214064240455627
1731,-0.821431577205658
1732,-0.821456253528595
1733,-0.8214816451072693
1734,-0.8215069770812988
1735,-0.8215319514274597
1736,-0.821556568145752
1737,-0.8215815424919128
1738,-0.8216061592102051
1739,-0.8216317892074585
1740,-0.821656346321106
1741,-0.8216804265975952
1742,-0.8217054605484009
1743,-0.8217297196388245
1744,-0.8217548131942749
1745,-0.8217802047729492
1746,-0.821803867816925
1747,-0.82182776927948
1748,-0.8218526840209961
1749,-0.8218778371810913
1750,-0.8219038248062134
1751,-0.8219281435012817
1752,-0.8219526410102844
1753,-0.8219772577285767
1754,-0.8220025300979614
1755,-0.8220266103744507
1756,-0.8220508694648743
1757,-0.8220755457878113
1758,-0.8220995664596558
1759,-0.8221244215965271
1760,-0.8221479654312134
1761,-0.8221725225448608
1762,-0.8221964240074158
1763,-0.8222221732139587
1764,-0.8222463726997375
1765,-0.8222705721855164
1766,-0.8222941160202026
1767,-0.8223180770874023
1768,-0.822342574596405
1769,-0.8223680257797241
1770,-0.8223921060562134
1771,-0.8224157094955444
1772,-0.8224388360977173
1773,-0.8224634528160095
1774,-0.8224880695343018
1775,-0.8225130438804626
1776,-0.8225371837615967
1777,-0.8225610852241516
1778,-0.8225847482681274
1779,-0.822608470916748
1780,-0.8226322531700134
1781,-0.8226568102836609
1782,-0.8226804137229919
1783,-0.8227042555809021
1784,-0.8227267861366272
1785,-0.8227522373199463
1786,-0.8227745294570923
1787,-0.8227999210357666
1788,-0.8228219747543335
1789,-0.822845995426178
1790,-0.8228687644004822
1791,-0.8228928446769714
1792,-0.8229166269302368
1793,-0.8229391574859619
1794,-0.8229643702507019
1795,-0.8229852914810181
1796,-0.8230113387107849
1797,-0.8230329155921936
1798,-0.8230572938919067
1799,-0.8230781555175781
1800,-0.823103666305542
1801,-0.8231251239776611
1802,-0.823148787021637
1803,-0.8231717348098755
1804,-0.8231930136680603
1805,-0.8232160210609436
1806,-0.823237955570221
1807,-0.8232626914978027
1808,-0.8232832551002502
1809,-0.8233072757720947
1810,-0.8233289122581482
1811,-0.8233515620231628
1812,-0.8233729600906372
1813,-0.8233954310417175
1814,-0.8234173059463501
1815,-0.8234387636184692
1816,-0.8234608769416809
1817,-0.8234816789627075
1818,-0.8235033750534058
1819,-0.8235241770744324
1820,-0.8235458731651306
1821,-0.8235675096511841
1822,-0.8235886693000793
1823,-0.8236097693443298
1824,-0.8236304521560669
1825,-0.8236511945724487
1826,-0.8236719965934753
1827,-0.8236931562423706
1828,-0.8237137794494629
1829,-0.823734700679779
1830,-0.8237555623054504
1831,-0.8237767815589905
1832,-0.8237975239753723
1833,-0.823818027973175
1834,-0.8238391876220703
1835,-0.8238595724105835
1836,-0.8238807320594788
1837,-0.8239011764526367
1838,-0.8239212036132812
1839,-0.8239420652389526
1840,-0.8239625096321106
1841,-0.8239830732345581
1842,-0.8240034580230713
1843,-0.8240236043930054
1844,-0.8240434527397156
1845,-0.8240639567375183
1846,-0.824083685874939
1847,-0.8241039514541626
1848,-0.8241237998008728
1849,-0.8241437673568726
1850,-0.8241637349128723
1851,-0.8241835832595825
1852,-0.8242033123970032
1853,-0.8242232799530029
1854,-0.8242430686950684
1855,-0.8242626190185547
1856,-0.824282169342041
1857,-0.8243016004562378
1858,-0.8243215680122375
1859,-0.8243408799171448
1860,-0.8243600726127625
1861,-0.8243799805641174
1862,-0.8243992328643799
1863,-0.8244186639785767
1864,-0.8244380354881287
1865,-0.8244576454162598
1866,-0.8244774341583252
1867,-0.8244963884353638
1868,-0.8245158791542053
1869,-0.8245352506637573
1870,-0.8245542645454407
1871,-0.8245735764503479
1872,-0.8245929479598999
1873,-0.8246121406555176
1874,-0.8246312141418457
1875,-0.8246505260467529
1876,-0.8246698975563049
1877,-0.8246890902519226
1878,-0.8247085213661194
1879,-0.8247277736663818
1880,-0.82474684715271
1881,-0.8247658014297485
1882,-0.8247853517532349
1883,-0.8248041868209839
1884,-0.8248235583305359
1885,-0.8248423337936401
1886,-0.8248611688613892
1887,-0.8248803615570068
1888,-0.8248993158340454
1889,-0.8249183893203735
1890,-0.8249377608299255
1891,-0.8249566555023193
1892,-0.8249751329421997
1893,-0.8249943256378174
1894,-0.825013279914856
1895,-0.8250324726104736
1896,-0.8250514268875122
1897,-0.8250699639320374
1898,-0.8250895738601685
1899,-0.8251085877418518
1900,-0.8251273036003113
1901,-0.8251460790634155
1902,-0.8251651525497437
1903,-0.8251837491989136
1904,-0.8252023458480835
1905,-0.8252209424972534
1906,-0.8252395987510681
1907,-0.8252580761909485
1908,-0.8252764940261841
1909,-0.8252952098846436
1910,-0.8253141045570374
1911,-0.8253328800201416
1912,-0.8253514766693115
1913,-0.8253702521324158
1914,-0.8253889083862305
1915,-0.8254073262214661
1916,-0.8254255652427673
1917,-0.8254441022872925
1918,-0.8254628777503967
1919,-0.8254813551902771
1920,-0.8254992365837097
1921,-0.825517475605011
1922,-0.8255355358123779
1923,-0.8255534768104553
1924,-0.8255711793899536
1925,-0.825588583946228
1926,-0.8256065249443054
1927,-0.8256240487098694
1928,-0.8256416320800781
1929,-0.8256590962409973
1930,-0.8256769180297852
1931,-0.8256943821907043
1932,-0.8257114291191101
1933,-0.8257290720939636
1934,-0.8257464170455933
1935,-0.8257636427879333
1936,-0.8257807493209839
1937,-0.8257979154586792
1938,-0.825814962387085
1939,-0.825832188129425
1940,-0.8258489966392517
1941,-0.8258663415908813
1942,-0.8258830308914185
1943,-0.825900137424469
1944,-0.8259167075157166
1945,-0.8259337544441223
1946,-0.8259509205818176
1947,-0.8259678483009338
1948,-0.825984537601471
1949,-0.8260011672973633
1950,-0.8260177969932556
1951,-0.8260344862937927
1952,-0.8260505795478821
1953,-0.8260673880577087
1954,-0.8260839581489563
1955,-0.8261001706123352
1956,-0.8261168599128723
1957,-0.8261328935623169
1958,-0.8261489272117615
1959,-0.8261656761169434
1960,-0.8261813521385193
1961,-0.8261972665786743
1962,-0.8262133598327637
1963,-0.8262296915054321
1964,-0.8262456059455872
1965,-0.8262616395950317
1966,-0.8262771368026733
1967,-0.8262928128242493
1968,-0.8263084888458252
1969,-0.8263245820999146
1970,-0.8263402581214905
1971,-0.8263562917709351
1972,-0.826371967792511
1973,-0.826387345790863
1974,-0.826403021812439
1975,-0.8264185190200806
1976,-0.8264340758323669
1977,-0.826449453830719
1978,-0.8264646530151367
1979,-0.8264802098274231
1980,-0.8264950513839722
1981,-0.8265103101730347
1982,-0.8265256881713867
1983,-0.8265407681465149
1984,-0.8265560269355774
1985,-0.8265708088874817
1986,-0.8265858292579651
1987,-0.8266007900238037
1988,-0.8266156911849976
1989,-0.8266300559043884
1990,-0.8266445994377136
1991,-0.8266593813896179
1992,-0.8266741633415222
1993,-0.8266885280609131
1994,-0.8267029523849487
1995,-0.8267174959182739
1996,-0.8267321586608887
1997,-0.8267465829849243
1998,-0.8267606496810913
1999,-0.8267747163772583
2000,-0.8267890810966492
2001,-0.8268031477928162
2002,-0.8268179893493652
2003,-0.8268324136734009
2004,-0.8268468379974365
2005,-0.8268608450889587
2006,-0.8268755078315735
2007,-0.8268893957138062
2008,-0.826903760433197
2009,-0.8269180059432983
2010,-0.8269321322441101
2011,-0.8269461989402771
2012,-0.8269600868225098
2013,-0.8269742727279663
2014,-0.8269885182380676
2015,-0.827002763748169
2016,-0.8270166516304016
2017,-0.8270307183265686
2018,-0.827044665813446
2019,-0.827058732509613
2020,-0.8270729780197144
2021,-0.8270867466926575
2022,-0.8271007537841797
2023,-0.8271143436431885
2024,-0.8271284699440002
2025,-0.8271423578262329
2026,-0.827156126499176
2027,-0.8271697163581848
2028,-0.8271836638450623
2029,-0.8271968960762024
2030,-0.8272109031677246
2031,-0.8272245526313782
2032,-0.8272380232810974
2033,-0.8272513747215271
2034,-0.8272647857666016
2035,-0.827277660369873
2036,-0.8272911310195923
2037,-0.8273034691810608
2038,-0.8273159861564636
2039,-0.8273284435272217
2040,-0.8273410797119141
2041,-0.827353835105896
2042,-0.8273673057556152
2043,-0.8273804187774658
2044,-0.8273940086364746
2045,-0.8274072408676147
2046,-0.8274211883544922
2047,-0.8274353742599487
2048,-0.8274492025375366
2049,-0.8274630308151245
2050,-0.8274766802787781
2051,-0.8274899125099182
2052,-0.8275032639503479
2053,-0.827516496181488
2054,-0.8275294303894043
2055,-0.8275421857833862
2056,-0.8275554776191711
2057,-0.8275678157806396
2058,-0.8275809288024902
2059,-0.8275939226150513
2060,-0.8276071548461914
2061,-0.8276200890541077
2062,-0.8276326656341553
2063,-0.8276457786560059
2064,-0.8276585936546326
2065,-0.8276711702346802
2066,-0.827683687210083
2067,-0.8276963233947754
2068,-0.827708899974823
2069,-0.8277214169502258
2070,-0.8277343511581421
2071,-0.8277465105056763
2072,-0.8277591466903687
2073,-0.8277721405029297
2074,-0.8277847170829773
2075,-0.8277970552444458
2076,-0.8278102874755859
2077,-0.827822208404541
2078,-0.8278346657752991
2079,-0.8278462886810303
2080,-0.8278577923774719
2081,-0.8278690576553345
2082,-0.8278800845146179
2083,-0.8278911113739014
2084,-0.8279023170471191
2085,-0.8279144167900085
2086,-0.8279273509979248
2087,-0.8279399871826172
2088,-0.827953040599823
2089,-0.827966034412384
2090,-0.8279792070388794
2091,-0.8279930949211121
2092,-0.8280060291290283
2093,-0.8280193209648132
2094,-0.828032374382019
2095,-0.8280452489852905
2096,-0.8280576467514038
2097,-0.8280705809593201
2098,-0.8280830979347229
2099,-0.8280953168869019
2100,-0.8281075954437256
2101,-0.8281200528144836
2102,-0.828132688999176
2103,-0.8281458020210266
2104,-0.8281583786010742
2105,-0.8281711935997009
2106,-0.8281839489936829
2107,-0.8281967043876648
2108,-0.8282093405723572
2109,-0.8282220363616943
2110,-0.8282342553138733
2111,-0.8282465934753418
2112,-0.8282585144042969
2113,-0.828270673751831
2114,-0.8282827138900757
2115,-0.8282943964004517
2116,-0.8283064961433411
2117,-0.8283175826072693
2118,-0.8283290266990662
2119,-0.8283402919769287
2120,-0.8283511400222778
2121,-0.8283617496490479
2122,-0.8283722400665283
2123,-0.8283821940422058
2124,-0.8283920288085938
2125,-0.8284015655517578
2126,-0.8284111022949219
2127,-0.8284201622009277
2128,-0.8284297585487366
2129,-0.8284396529197693
2130,-0.8284500241279602
2131,-0.8284611701965332
2132,-0.8284735083580017
2133,-0.8284870982170105
2134,-0.8285021781921387
2135,-0.8285180926322937
2136,-0.8285350203514099
2137,-0.8285520672798157
2138,-0.8285679817199707
2139,-0.8285825848579407
2140,-0.8285964727401733
2141,-0.8286092281341553
2142,-0.8286212682723999
2143,-0.8286329507827759
2144,-0.8286443948745728
2145,-0.8286550045013428
2146,-0.8286654353141785
2147,-0.8286756873130798
2148,-0.8286857604980469
2149,-0.8286960124969482
2150,-0.8287062644958496
2151,-0.8287163972854614
2152,-0.8287262916564941
2153,-0.8287360668182373
2154,-0.8287460803985596
2155,-0.8287566304206848
2156,-0.8287675380706787
2157,-0.8287785649299622
2158,-0.8287907838821411
2159,-0.8288026452064514
2160,-0.8288156390190125
2161,-0.8288285136222839
2162,-0.8288419246673584
2163,-0.8288548588752747
2164,-0.8288677930831909
2165,-0.8288809657096863
2166,-0.8288942575454712
2167,-0.8289070129394531
2168,-0.8289192318916321
2169,-0.8289312720298767
2170,-0.828943133354187
2171,-0.828954815864563
2172,-0.8289662599563599
2173,-0.8289774656295776
2174,-0.8289890289306641
2175,-0.8289999961853027
2176,-0.8290114998817444
2177,-0.8290225267410278
2178,-0.829034149646759
2179,-0.8290451765060425
2180,-0.8290555477142334
2181,-0.829066276550293
2182,-0.8290761709213257
2183,-0.8290855884552002
2184,-0.8290941715240479
2185,-0.8290994763374329
2186,-0.829103410243988
2187,-0.829103946685791
2188,-0.8291016221046448
2189,-0.8290919065475464
2190,-0.8290820121765137
2191,-0.8290744423866272
2192,-0.829070508480072
2193,-0.8290793895721436
2194,-0.8291003704071045
2195,-0.8291343450546265
2196,-0.829177975654602
2197,-0.8292203545570374
2198,-0.8292529582977295
2199,-0.8292704820632935
2200,-0.8292751908302307
2201,-0.8292726278305054
2202,-0.8292704820632935
2203,-0.8292742967605591
2204,-0.8292868733406067
2205,-0.8293060064315796
2206,-0.8293291926383972
2207,-0.829352080821991
2208,-0.829369843006134
2209,-0.8293819427490234
2210,-0.8293898105621338
2211,-0.8293949961662292
2212,-0.8294003009796143
2213,-0.8294079303741455
2214,-0.8294171094894409
2215,-0.829429566860199
2216,-0.8294422030448914
2217,-0.8294559717178345
2218,-0.8294709324836731
2219,-0.8294867277145386
2220,-0.8295007944107056
2221,-0.829513430595398
2222,-0.8295248746871948
2223,-0.8295353651046753
2224,-0.8295446038246155
2225,-0.829552948474884
2226,-0.829561710357666
2227,-0.829569935798645
2228,-0.8295789361000061
2229,-0.8295887112617493
2230,-0.8295983672142029
2231,-0.829609751701355
2232,-0.8296238780021667
2233,-0.8296369314193726
2234,-0.8296505808830261
2235,-0.8296640515327454
2236,-0.8296768069267273
2237,-0.8296889066696167
2238,-0.8297010660171509
2239,-0.8297135829925537
2240,-0.8297243714332581
2241,-0.8297351598739624
2242,-0.8297463655471802
2243,-0.8297566771507263
2244,-0.8297668099403381
2245,-0.8297767043113708
2246,-0.829786479473114
2247,-0.8297949433326721
2248,-0.8298039436340332
2249,-0.8298109769821167
2250,-0.829818844795227
2251,-0.8298283815383911
2252,-0.8298364877700806
2253,-0.8298465609550476
2254,-0.8298583626747131
2255,-0.829869270324707
2256,-0.829881489276886
2257,-0.8298966288566589
2258,-0.829912543296814
2259,-0.829927921295166
2260,-0.829940915107727
2261,-0.8299533724784851
2262,-0.8299668431282043
2263,-0.8299795985221863
2264,-0.8299907445907593
2265,-0.8300018310546875
2266,-0.8300137519836426
2267,-0.8300255537033081
2268,-0.8300357460975647
2269,-0.830047070980072
2270,-0.830059289932251
2271,-0.8300700187683105
2272,-0.8300812244415283
2273,-0.8300915956497192
2274,-0.8301026225090027
2275,-0.8301122188568115
2276,-0.8301206231117249
2277,-0.8301274180412292
2278,-0.830132007598877
2279,-0.8301357626914978
2280,-0.8301405906677246
2281,-0.8301433324813843
2282,-0.8301475048065186
2283,-0.8301540017127991
2284,-0.8301618099212646
2285,-0.8301718235015869
2286,-0.8301870226860046
2287,-0.8302065134048462
2288,-0.8302288055419922
2289,-0.8302499055862427
2290,-0.8302698135375977
2291,-0.8302900791168213
2292,-0.830307126045227
2293,-0.8303210139274597
2294,-0.8303321599960327
2295,-0.8303430080413818
2296,-0.8303524851799011
2297,-0.8303607702255249
2298,-0.8303683996200562
2299,-0.8303760886192322
2300,-0.8303841948509216
2301,-0.8303921818733215
2302,-0.8304018378257751
2303,-0.8304131627082825
2304,-0.8304265737533569
2305,-0.8304397463798523
2306,-0.8304523825645447
2307,-0.8304656147956848
2308,-0.83048015832901
2309,-0.8304932117462158
2310,-0.8305068016052246
2311,-0.8305211067199707
2312,-0.8305359482765198
2313,-0.8305507898330688
2314,-0.8305644989013672
2315,-0.8305783271789551
2316,-0.8305913805961609
2317,-0.8306035995483398
2318,-0.830615758895874
2319,-0.8306286334991455
2320,-0.8306407332420349
2321,-0.8306528925895691
2322,-0.8306651711463928
2323,-0.8306772708892822
2324,-0.8306894898414612
2325,-0.8307024240493774
2326,-0.8307144641876221
2327,-0.8307266235351562
2328,-0.8307392597198486
2329,-0.830751359462738
2330,-0.8307634592056274
2331,-0.8307754993438721
2332,-0.8307875394821167
2333,-0.830800473690033
2334,-0.8308119773864746
2335,-0.8308241963386536
2336,-0.8308364152908325
2337,-0.830848753452301
2338,-0.8308594226837158
2339,-0.8308712244033813
2340,-0.8308817148208618
2341,-0.8308925032615662
2342,-0.8309013843536377
2343,-0.8309096693992615
2344,-0.8309177756309509
2345,-0.8309242725372314
2346,-0.830929696559906
2347,-0.8309330344200134
2348,-0.8309347629547119
2349,-0.8309355974197388
2350,-0.830937385559082
2351,-0.8309423327445984
2352,-0.8309549689292908
2353,-0.8309760689735413
2354,-0.8310037851333618
2355,-0.8310377597808838
2356,-0.8310741782188416
2357,-0.8311070203781128
2358,-0.8311343789100647
2359,-0.8311542272567749
2360,-0.8311672806739807
2361,-0.8311761021614075
2362,-0.8311816453933716
2363,-0.8311877846717834
2364,-0.831196665763855
2365,-0.8312085866928101
2366,-0.8312270045280457
2367,-0.8312472105026245
2368,-0.8312696218490601
2369,-0.8312923908233643
2370,-0.8313145637512207
2371,-0.8313342332839966
2372,-0.8313525319099426
2373,-0.831368088722229
2374,-0.8313830494880676
2375,-0.8313971757888794
2376,-0.831410825252533
2377,-0.831425666809082
2378,-0.8314406275749207
2379,-0.8314568400382996
2380,-0.8314741849899292
2381,-0.8314939141273499
2382,-0.8315141797065735
2383,-0.8315351605415344
2384,-0.8315569162368774
2385,-0.8315780758857727
2386,-0.8315988183021545
2387,-0.831619381904602
2388,-0.8316397666931152
2389,-0.8316596150398254
2390,-0.8316800594329834
2391,-0.8317010402679443
2392,-0.8317221403121948
2393,-0.8317437767982483
2394,-0.8317665457725525
2395,-0.8317896723747253
2396,-0.8318129181861877
2397,-0.831836998462677
2398,-0.8318621516227722
2399,-0.8318875432014465
2400,-0.8319134712219238
2401,-0.8319401144981384
2402,-0.8319674730300903
2403,-0.8319954872131348
2404,-0.832024097442627
2405,-0.8320522904396057
2406,-0.83208167552948
2407,-0.8321114778518677
2408,-0.8321412801742554
2409,-0.8321713209152222
2410,-0.8322036862373352
2411,-0.8322365283966064
2412,-0.8322702646255493
2413,-0.8323028683662415
2414,-0.8323385119438171
2415,-0.832372784614563
2416,-0.8324090838432312
2417,-0.8324447274208069
2418,-0.832484245300293
2419,-0.8325248956680298
2420,-0.8325729370117188
2421,-0.8326246738433838
2422,-0.8326845765113831
2423,-0.8327444791793823
2424,-0.8328058123588562
2425,-0.8328665494918823
2426,-0.8329245448112488
2427,-0.832979679107666
2428,-0.833031415939331
2429,-0.8330825567245483
2430,-0.8331322073936462
2431,-0.8331830501556396
2432,-0.8332356214523315
2433,-0.8332907557487488
2434,-0.8333477973937988
2435,-0.8334065675735474
2436,-0.8334642648696899
2437,-0.8335208892822266
2438,-0.8335756063461304
2439,-0.8336295485496521
2440,-0.8336837291717529
2441,-0.8337384462356567
2442,-0.8337947130203247
2443,-0.8338515758514404
2444,-0.8339078426361084
2445,-0.8339625597000122
2446,-0.8340163230895996
2447,-0.8340692520141602
2448,-0.8341209292411804
2449,-0.834173858165741
2450,-0.8342262506484985
2451,-0.8342774510383606
2452,-0.834327220916748
2453,-0.8343753218650818
2454,-0.8344229459762573
2455,-0.8344689607620239
2456,-0.8345146179199219
2457,-0.8345605134963989
2458,-0.8346063494682312
2459,-0.8346514105796814
2460,-0.8346945643424988
2461,-0.8347374796867371
2462,-0.8347791433334351
2463,-0.8348202705383301
2464,-0.8348609805107117
2465,-0.8349010348320007
2466,-0.8349406719207764
2467,-0.8349792957305908
2468,-0.8350176811218262
2469,-0.8350551724433899
2470,-0.8350924253463745
2471,-0.8351281881332397
2472,-0.8351641297340393
2473,-0.8351995348930359
2474,-0.8352344632148743
2475,-0.8352686166763306
2476,-0.8353023529052734
2477,-0.8353360891342163
2478,-0.8353688716888428
2479,-0.8354013562202454
2480,-0.8354336023330688
2481,-0.8354652523994446
2482,-0.835496723651886
2483,-0.8355278968811035
2484,-0.8355581760406494
2485,-0.8355886340141296
2486,-0.8356184959411621
2487,-0.8356483578681946
2488,-0.8356775045394897
2489,-0.835706353187561
2490,-0.8357351422309875
2491,-0.8357633352279663
2492,-0.8357915282249451
2493,-0.8358193635940552
2494,-0.8358465433120728
2495,-0.8358737826347351
2496,-0.8359009027481079
2497,-0.8359276652336121
2498,-0.8359541296958923
2499,-0.8359802961349487
2500,-0.8360063433647156
